ProjectName,PLC_Name,BlockName,BlockType,Language,AttributeName,AttributeValue,InterfaceSection,InterfaceName,InterfaceDataType,InitialValue,Comment,SourceReference
P24U1_OP6020,PC-System_1,VC_Bypass,,DB,,,,,,,,
P24U1_OP6020,PC-System_1,ZZ_FRBM_Intlock,,DB,,,,,,,,
P24U1_OP6020,PC-System_1,ZZ_FRBM_Intfc,,DB,,,,,,,,
P24U1_OP6020,PC-System_1,ZZ_MVS_Intfc,,DB,,,,,,,,
P24U1_OP6020,PC-System_1,FS_GPTS_Inteface,,DB,,,,,,,,
P24U1_OP6020,PC-System_1,FS_GPTS_Manager_DB,,DB,,,,,,,,
P24U1_OP6020,PC-System_1,DB_GPTS_ManagerFlags,,DB,,,,,,,,
P24U1_OP6020,PC-System_1,FS_GPTS_Main,,LAD,,,,,,,,
P24U1_OP6020,PC-System_1,HMI_1_HMIControl,,DB,,,,,,,,
P24U1_OP6020,PC-System_1,HMI_SplitScreenControl,,DB,,,,,,,,
P24U1_OP6020,PC-System_1,HMI_Config,,DB,,,,,,,,
P24U1_OP6020,PC-System_1,HMI_Data,,DB,,,,,,,,
P24U1_OP6020,PC-System_1,HMI_TaskScreenCntrl,,DB,,,,,,,,
P24U1_OP6020,PC-System_1,HMI_ManageGlobal,,LAD,,,,,,,,
P24U1_OP6020,PC-System_1,HMI_2_HMIControl,,DB,,,,,,,,
P24U1_OP6020,PC-System_1,HMI_Global_DB,,DB,,,,,,,,
P24U1_OP6020,PC-System_1,M_PNIODiagBits,,DB,,,,,,,,
P24U1_OP6020,PC-System_1,M_MachineConfig,,DB,,,,,,,,
P24U1_OP6020,PC-System_1,M_MachineControl,,DB,,,,,,,,
P24U1_OP6020,PC-System_1,M_MachineData,,DB,,,,,,,,
P24U1_OP6020,PC-System_1,M_MachineDateTime,,DB,,,,,,,,
P24U1_OP6020,PC-System_1,M_AlarmDB,,DB,,,,,,,,
P24U1_OP6020,PC-System_1,M_WarningDB,,DB,,,,,,,,
P24U1_OP6020,PC-System_1,M_PromptDB,,DB,,,,,,,,
P24U1_OP6020,PC-System_1,FS_PlcInfo_DB,,DB,,,,,,,,
P24U1_OP6020,PC-System_1,M_Warnings,,LAD,,,,,,,,
P24U1_OP6020,PC-System_1,M_Prompts,,LAD,,,,,,,,
P24U1_OP6020,PC-System_1,M_Alarms,,LAD,,,,,,,,
P24U1_OP6020,PC-System_1,M_SerialNumberHistory,,DB,,,,,,,,
P24U1_OP6020,PC-System_1,M_BcastRecvCntrl_DB,,DB,,,,,,,,
P24U1_OP6020,PC-System_1,M_Interlocks,,LAD,,,,,,,,
P24U1_OP6020,PC-System_1,M_HMI_Interlocks,,DB,,,,,,,,
P24U1_OP6020,PC-System_1,M_LAcycCom_ResourceManager_DB,,DB,,,,,,,,
P24U1_OP6020,PC-System_1,M_Main,,LAD,,,,,,,,
P24U1_OP6020,PC-System_1,M_PowerUp,,LAD,,,,,,,,
P24U1_OP6020,PC-System_1,M_FindPMatchInSched,,LAD,,,,,,,,
P24U1_OP6020,PC-System_1,M_BuildSchedule_DB,,DB,,,,,,,,
P24U1_OP6020,PC-System_1,M_Rescheduler_DB,,DB,,,,,,,,
P24U1_OP6020,PC-System_1,M_Scheduler_APN_Check,,DB,,,,,,,,
P24U1_OP6020,PC-System_1,M_Scheduler,,SCL,,,,,,,,
P24U1_OP6020,PC-System_1,M_ShiftData_DB,,DB,,,,,,,,
P24U1_OP6020,PC-System_1,M_Version,,DB,,,,,,,,
P24U1_OP6020,PC-System_1,M_Checksum,,DB,,,,,,,,
P24U1_OP6020,PC-System_1,M_SegTimeRelHMIConfig,,LAD,,,,,,,,
P24U1_OP6020,PC-System_1,M_LAcycCom_RequestBuffer,,DB,,,,,,,,
P24U1_OP6020,PC-System_1,XX_Simulation,,LAD,,,,,,,,
P24U1_OP6020,PC-System_1,FS_IntToOpCode,,SCL,,,,,,,,
P24U1_OP6020,PC-System_1,SIM_0_Main_DBI,,DB,,,,,,,,
P24U1_OP6020,PC-System_1,SIM_0_Main,,LAD,,,,,,,,
P24U1_OP6020,PC-System_1,M_Interlock_ScreenDB,,DB,,,,,,,,
P24U1_OP6020,PC-System_1,Input_Mapping,,LAD,,,,,,,,
P24U1_OP6020,PC-System_1,Output_Mapping,,LAD,,,,,,,,
P24U1_OP6020,PC-System_1,Input_Map,,DB,,,,,,,,
P24U1_OP6020,PC-System_1,Output_Map,,DB,,,,,,,,
P24U1_OP6020,PC-System_1,DB_MPS_Signals,,DB,,,,,,,,
P24U1_OP6020,PC-System_1,FS_MPS_Signals,,SCL,,,,,,,,
P24U1_OP6020,PC-System_1,FS_IQT_EventsDB,,DB,,,,,,,,
P24U1_OP6020,PC-System_1,FS_OMSSendData,,DB,,,,,,,,
P24U1_OP6020,PC-System_1,FS_ZeroByteArray,,DB,,,,,,,,
P24U1_OP6020,PC-System_1,FS_OMS_ActiveAPNsDB,,DB,,,,,,,,
P24U1_OP6020,PC-System_1,FS_OMSAPNExternalTempBuffer,,DB,,,,,,,,
P24U1_OP6020,PC-System_1,FS_OMSExternalTempBuffer,,DB,,,,,,,,
P24U1_OP6020,PC-System_1,FS_OMSRecvData,,DB,,,,,,,,
P24U1_OP6020,PC-System_1,I/O_FLT1,,LAD,,,,,,,,
P24U1_OP6020,PC-System_1,I/O_FLT2,,LAD,,,,,,,,
P24U1_OP6020,PC-System_1,RACK_FLT,,LAD,,,,,,,,
P24U1_OP6020,PC-System_1,COMPLETE RESTART,,LAD,,,,,,,,
P24U1_OP6020,PC-System_1,MOD_ERR,,LAD,,,,,,,,
P24U1_OP6020,PC-System_1,PROG_ERR,,LAD,,,,,,,,
P24U1_OP6020,PC-System_1,FOB_RTG1,,SCL,,,,,,,,
P24U1_OP6020,PC-System_1,CYCL_EXC,,LAD,,,,,,,,
P24U1_OP6020,PC-System_1,S01_QTSWS_InterfaceData,,DB,,,,,,,,
P24U1_OP6020,PC-System_1,FS_QTSWS_Comm_DB,,DB,,,,,,,,
P24U1_OP6020,PC-System_1,S01_IQT_InterfaceData,,DB,,,,,,,,
P24U1_OP6020,PC-System_1,FS_IQT_Comm_DB,,DB,,,,,,,,
P24U1_OP6020,PC-System_1,F_PUBLIC,,DB,,,,,,,,
P24U1_OP6020,PC-System_1,F_Shared,,F_DB,,,,,,,,
P24U1_OP6020,PC-System_1,F_Manage,,F_DB,,,,,,,,
P24U1_OP6020,PC-System_1,Main_Safety_RTG1_DB,,F_DB,,,,,,,,
P24U1_OP6020,PC-System_1,RTG2_GLOB_FIO_STATUS,,SCL,,,,,,,,
P24U1_OP6020,PC-System_1,F_Main,,F_LAD,,,,,,,,
P24U1_OP6020,PC-System_1,F_SR1,,F_LAD,,,,,,,,
P24U1_OP6020,PC-System_1,F_FanucCobot-1Safety_DB,,F_DB,,,,,,,,
P24U1_OP6020,PC-System_1,F_FanucCobotSafety,,F_LAD,,,,,,,,
P24U1_OP6020,PC-System_1,Safety_Signals_FromConv,,F_DB,,,,,,,,
P24U1_OP6020,PC-System_1,Safety_Signals_ToConv,,F_DB,,,,,,,,
P24U1_OP6020,PC-System_1,FS_GetAPN_Base,,SCL,,,,,,,,
P24U1_OP6020,PC-System_1,FS_CopyAPN_List,,SCL,,,,,,,,
P24U1_OP6020,PC-System_1,FS_APN_Check,,SCL,,,,,,,,
P24U1_OP6020,PC-System_1,FS_PNIODiagBits,,SCL,,,,,,,,
P24U1_OP6020,PC-System_1,FS_BroadcastRecv,,LAD,,,,,,,,
P24U1_OP6020,PC-System_1,FS_GigEInterface,,LAD,,,,,,,,
P24U1_OP6020,PC-System_1,FS_GigECameraHMI,,LAD,,,,,,,,
P24U1_OP6020,PC-System_1,FS_Cognex2D_4Feature,,LAD,,,,,,,,
P24U1_OP6020,PC-System_1,FS_Cognex2D_4Feature_Gen2,,LAD,,,,,,,,
P24U1_OP6020,PC-System_1,FS_PF6_GetProcessData,,SCL,,,,,,,,
P24U1_OP6020,PC-System_1,FS_BoschMulti,,LAD,,,,,,,,
P24U1_OP6020,PC-System_1,FS_BoschSingle,,LAD,,,,,,,,
P24U1_OP6020,PC-System_1,FS_BoltIndicatorSingelHMI,,LAD,,,,,,,,
P24U1_OP6020,PC-System_1,FS_PF6Flex,,SCL,,,,,,,,
P24U1_OP6020,PC-System_1,FS_PowerFocus,,LAD,,,,,,,,
P24U1_OP6020,PC-System_1,ZZ_HeartBeat,,LAD,,,,,,,,
P24U1_OP6020,PC-System_1,ZZ_ToolTracker,,SCL,,,,,,,,
P24U1_OP6020,PC-System_1,FS_MultiStacklight,,STL,,,,,,,,
P24U1_OP6020,PC-System_1,FS_Stacklight,,SCL,,,,,,,,
P24U1_OP6020,PC-System_1,FS_FIS_TCP_Send,,SCL,,,,,,,,
P24U1_OP6020,PC-System_1,FS_FIS_Control,,LAD,,,,,,,,
P24U1_OP6020,PC-System_1,FS_FIS_CallButtons,,LAD,,,,,,,,
P24U1_OP6020,PC-System_1,FS_FIS_Checksum,,LAD,,,,,,,,
P24U1_OP6020,PC-System_1,FS_IQT_FIS,,SCL,,,,,,,,
P24U1_OP6020,PC-System_1,FS_GPTS_Comm,,SCL,,,,,,,,
P24U1_OP6020,PC-System_1,FS_GPTS_Edit_Cntrl,,LAD,,,,,,,,
P24U1_OP6020,PC-System_1,FS_GPTS_Control,,SCL,,,,,,,,
P24U1_OP6020,PC-System_1,FS_GPTS_Manager,,SCL,,,,,,,,
P24U1_OP6020,PC-System_1,FS_Bool16ToWord,,SCL,,,,,,,,
P24U1_OP6020,PC-System_1,FS_ShipCodeToInt,,SCL,,,,,,,,
P24U1_OP6020,PC-System_1,FS_TON1,,SCL,,,,,,,,
P24U1_OP6020,PC-System_1,FS_DINT_TO_Str9,,LAD,,,,,,,,
P24U1_OP6020,PC-System_1,FS_TONR,,SCL,,,,,,,,
P24U1_OP6020,PC-System_1,FS_PlcInfo_Enet,,SCL,,,,,,,,
P24U1_OP6020,PC-System_1,FS_DeviceInfo_IaM,,SCL,,,,,,,,
P24U1_OP6020,PC-System_1,FS_LengthOfArray,,LAD,,,,,,,,
P24U1_OP6020,PC-System_1,FS_ScanBits,,SCL,,,,,,,,
P24U1_OP6020,PC-System_1,FS_OpCodeToInt,,SCL,,,,,,,,
P24U1_OP6020,PC-System_1,FS_Base64_Encoding,,SCL,,,,,,,,
P24U1_OP6020,PC-System_1,FS_Base64_Decoding,,SCL,,,,,,,,
P24U1_OP6020,PC-System_1,Create_DB_ANY,,LAD,,,,,,,,
P24U1_OP6020,PC-System_1,FS_DateTime,,SCL,,,,,,,,
P24U1_OP6020,PC-System_1,FS_PlcInfo,,LAD,,,,,,,,
P24U1_OP6020,PC-System_1,FS_ComplexityDisplay,,SCL,,,,,,,,
P24U1_OP6020,PC-System_1,FS_CompScrTaskDisplay,,LAD,,,,,,,,
P24U1_OP6020,PC-System_1,FC_ExternalControlHmi,,SCL,,,,,,,,
P24U1_OP6020,PC-System_1,FS_TaskScreenCntrl,,SCL,,,,,,,,
P24U1_OP6020,PC-System_1,FS_TaskToHmi,,SCL,,,,,,,,
P24U1_OP6020,PC-System_1,FS_ProductionSetupScreen,,SCL,,,,,,,,
P24U1_OP6020,PC-System_1,FS_HMIControl,,SCL,,,,,,,,
P24U1_OP6020,PC-System_1,FS_ModeScreen,,SCL,,,,,,,,
P24U1_OP6020,PC-System_1,FS_SetupScreens,,SCL,,,,,,,,
P24U1_OP6020,PC-System_1,FS_StationHmiDataTransfer,,SCL,,,,,,,,
P24U1_OP6020,PC-System_1,FS_LMA_Data,,LAD,,,,,,,,
P24U1_OP6020,PC-System_1,FS_MachineControl,,SCL,,,,,,,,
P24U1_OP6020,PC-System_1,FS_Mode,,LAD,,,,,,,,
P24U1_OP6020,PC-System_1,FS_PalletStop,,LAD,,,,,,,,
P24U1_OP6020,PC-System_1,FS_Motion,,LAD,,,,,,,,
P24U1_OP6020,PC-System_1,FS_MotionHMI,,SCL,,,,,,,,
P24U1_OP6020,PC-System_1,FS_OMS_UpdateTaskStatus,,SCL,,,,,,,,
P24U1_OP6020,PC-System_1,FS_OMS_GetRecipeName,,SCL,,,,,,,,
P24U1_OP6020,PC-System_1,FS_OMS_CycleResult,,SCL,,,,,,,,
P24U1_OP6020,PC-System_1,FS_OMSVersChangeAck,,LAD,,,,,,,,
P24U1_OP6020,PC-System_1,FS_OMS_StaOkToBuild,,SCL,,,,,,,,
P24U1_OP6020,PC-System_1,FS_OMS_CommControl,,SCL,,,,,,,,
P24U1_OP6020,PC-System_1,FS_AnalyzeAllOperTasks,,LAD,,,,,,,,
P24U1_OP6020,PC-System_1,FS_OMS_CheckAllTaskConf,,LAD,,,,,,,,
P24U1_OP6020,PC-System_1,FS_OMS_ReadTaskData,,SCL,,,,,,,,
P24U1_OP6020,PC-System_1,FS_OMS_ProcessWriteRange,,SCL,,,,,,,,
P24U1_OP6020,PC-System_1,FS_OMS_WriteTaskStatus,,SCL,,,,,,,,
P24U1_OP6020,PC-System_1,FS_OMS_RecipeManage,,SCL,,,,,,,,
P24U1_OP6020,PC-System_1,FS_4PB_Box,,LAD,,,,,,,,
P24U1_OP6020,PC-System_1,FS_OperatorScreen,,SCL,,,,,,,,
P24U1_OP6020,PC-System_1,Sxx_StationData,,DB,,,,,,,,
P24U1_OP6020,PC-System_1,Sxx_TaskDB,,DB,,,,,,,,
P24U1_OP6020,PC-System_1,FS_OperatorSplitScreen_DB,,DB,,,,,,,,
P24U1_OP6020,PC-System_1,FS_OperSplitScreen,,SCL,,,,,,,,
P24U1_OP6020,PC-System_1,FS_PartCount,,LAD,,,,,,,,
P24U1_OP6020,PC-System_1,FS_PromessHMI,,SCL,,,,,,,,
P24U1_OP6020,PC-System_1,FS_PromessControlUP,,LAD,,,,,,,,
P24U1_OP6020,PC-System_1,FS_PromessMoveUP,,LAD,,,,,,,,
P24U1_OP6020,PC-System_1,FS_PromessMove,,LAD,,,,,,,,
P24U1_OP6020,PC-System_1,FS_PromessControl,,LAD,,,,,,,,
P24U1_OP6020,PC-System_1,FS_SonyMG41Cntrl,,LAD,,,,,,,,
P24U1_OP6020,PC-System_1,FS_SonyProbe,,LAD,,,,,,,,
P24U1_OP6020,PC-System_1,FS_QTS_UnitResults,,LAD,,,,,,,,
P24U1_OP6020,PC-System_1,FS_QTS_OMSPalletNumber,,LAD,,,,,,,,
P24U1_OP6020,PC-System_1,FS_QTS_UnitClassificatn,,LAD,,,,,,,,
P24U1_OP6020,PC-System_1,FS_QTS_HmiScreen,,LAD,,,,,,,,
P24U1_OP6020,PC-System_1,FS_QTS_Runoff,,LAD,,,,,,,,
P24U1_OP6020,PC-System_1,FS_QTSUpTaskStatus,,SCL,,,,,,,,
P24U1_OP6020,PC-System_1,FS_QTS,,LAD,,,,,,,,
P24U1_OP6020,PC-System_1,LHTTP_FindStringInArray,,SCL,,,,,,,,
P24U1_OP6020,PC-System_1,LHTTP_ExtractStringFromArray,,SCL,,,,,,,,
P24U1_OP6020,PC-System_1,LHTTP_PostPut,,SCL,,,,,,,,
P24U1_OP6020,PC-System_1,LStream_FindStringInByteCharArrayAdv,,SCL,,,,,,,,
P24U1_OP6020,PC-System_1,FS_FindXmlElementValue,,SCL,,,,,,,,
P24U1_OP6020,PC-System_1,LStream_XmlSerializer,,SCL,,,,,,,,
P24U1_OP6020,PC-System_1,FS_QTSWS,,SCL,,,,,,,,
P24U1_OP6020,PC-System_1,FS_QTSWS_Comm,,SCL,,,,,,,,
P24U1_OP6020,PC-System_1,LMQTT_ConvertToUtf8,,SCL,,,,,,,,
P24U1_OP6020,PC-System_1,LFMQTT_Client,,SCL,,,,,,,,
P24U1_OP6020,PC-System_1,FS_IQT,,SCL,,,,,,,,
P24U1_OP6020,PC-System_1,LFStream_JsonSerializer,,SCL,,,,,,,,
P24U1_OP6020,PC-System_1,FS_IQT_Comm,,SCL,,,,,,,,
P24U1_OP6020,PC-System_1,FS_RFID,,SCL,,,,,,,,
P24U1_OP6020,PC-System_1,FS_RFID_ReadChained,,LAD,,,,,,,,
P24U1_OP6020,PC-System_1,FS_RFID_WriteChained,,LAD,,,,,,,,
P24U1_OP6020,PC-System_1,FS_Vtag_Hmi,,LAD,,,,,,,,
P24U1_OP6020,PC-System_1,FS_Vtag,,SCL,,,,,,,,
P24U1_OP6020,PC-System_1,FS_DS6400BarcodeScanner,,LAD,,,,,,,,
P24U1_OP6020,PC-System_1,FS_BarcodePrintControl,,LAD,,,,,,,,
P24U1_OP6020,PC-System_1,FS_CognexDataMan,,LAD,,,,,,,,
P24U1_OP6020,PC-System_1,M_FindPartInSched,,SCL,,,,,,,,
P24U1_OP6020,PC-System_1,FS_LineModule,,LAD,,,,,,,,
P24U1_OP6020,PC-System_1,FS_Servo_WriteTraversingBlocks,,SCL,,,,,,,,
P24U1_OP6020,PC-System_1,FS_TravBlockInitialize,,LAD,,,,,,,,
P24U1_OP6020,PC-System_1,FS_LoadTrvrsBlockVals,,LAD,,,,,,,,
P24U1_OP6020,PC-System_1,FS_Servo_Move,,LAD,,,,,,,,
P24U1_OP6020,PC-System_1,FS_Servo_Jog,,LAD,,,,,,,,
P24U1_OP6020,PC-System_1,FS_Sinamics_Diag,,SCL,,,,,,,,
P24U1_OP6020,PC-System_1,FS_Servo_Control,,LAD,,,,,,,,
P24U1_OP6020,PC-System_1,FS_Sinamics_DriveRamToRom,,SCL,,,,,,,,
P24U1_OP6020,PC-System_1,FS_Sinamics_ReadDriveMessagesDateTime,,SCL,,,,,,,,
P24U1_OP6020,PC-System_1,FS_Sinamics_ReadDriveParams,,SCL,,,,,,,,
P24U1_OP6020,PC-System_1,FS_Sinamics_ResourceManager,,SCL,,,,,,,,
P24U1_OP6020,PC-System_1,FS_Sinamics_RTCSinamicsAcyclic,,SCL,,,,,,,,
P24U1_OP6020,PC-System_1,FS_Sinamics_WriteDriveParams,,SCL,,,,,,,,
P24U1_OP6020,PC-System_1,FS_ShiftControl,,LAD,,,,,,,,
P24U1_OP6020,PC-System_1,FS_StationControl,,SCL,,,,,,,,
P24U1_OP6020,PC-System_1,FS_Task,,LAD,,,,,,,,
P24U1_OP6020,PC-System_1,ZeroTaskDB,,DB,,,,,,,,
P24U1_OP6020,PC-System_1,FS_GenSubPartNumber,,SCL,,,,,,,,
P24U1_OP6020,PC-System_1,FS_GenerateProcessString,,SCL,,,,,,,,
P24U1_OP6020,PC-System_1,FS_ParseUnitID,,SCL,,,,,,,,
P24U1_OP6020,PC-System_1,FS_VFDControl,,LAD,,,,,,,,
P24U1_OP6020,PC-System_1,VfdStartStopFreqPARI,,LAD,,,,,,,,
P24U1_OP6020,PC-System_1,FC_FanucBrakeCheck,,LAD,,,,,,,,
P24U1_OP6020,PC-System_1,FB_FanucRobot_Motion_CMD,,LAD,,,,,,,,
P24U1_OP6020,PC-System_1,DB_FanucBrakeCheck,,DB,,,,,,,,
P24U1_OP6020,PC-System_1,HMI_FanucFB,,LAD,,,,,,,,
P24U1_OP6020,PC-System_1,HMI_FanucFB_DB,,DB,,,,,,,,
P24U1_OP6020,PC-System_1,FS_FanucIntfc,,LAD,,,,,,,,
P24U1_OP6020,PC-System_1,FC_RobotHMI_Cmd,,LAD,,,,,,,,
P24U1_OP6020,PC-System_1,FC_RobotHMI_Motion,,LAD,,,,,,,,
P24U1_OP6020,PC-System_1,AB_FB_TOD_Trig,,LAD,,,,,,,,
P24U1_OP6020,PC-System_1,FB_IFWC_Motion_CMD,,LAD,,,,,,,,
P24U1_OP6020,PC-System_1,FS_IFWC_RobotControl,,LAD,,,,,,,,
P24U1_OP6020,PC-System_1,AB_DB_TOD,,DB,,,,,,,,
P24U1_OP6020,PC-System_1,FS_LotScanData,,LAD,,,,,,,,
P24U1_OP6020,PC-System_1,FS_SortLotData,,SCL,,,,,,,,
P24U1_OP6020,PC-System_1,FS_LotControl,,LAD,,,,,,,,
P24U1_OP6020,PC-System_1,FS_Alarm_Transfer,,SCL,,,,,,,,
P24U1_OP6020,PC-System_1,FS_GetBitNumber,,SCL,,,,,,,,
P24U1_OP6020,PC-System_1,FS_PNIO_DIAG,,SCL,,,,,,,,
P24U1_OP6020,PC-System_1,FS_MaturityCheck,,SCL,,,,,,,,
P24U1_OP6020,PC-System_1,LHTTP_Get,,SCL,,,,,,,,
P24U1_OP6020,PC-System_1,FS_REST_APIComm_DB,,DB,,,,,,,,
P24U1_OP6020,PC-System_1,Sxx_REST_API_InterfaceData,,DB,,,,,,,,
P24U1_OP6020,PC-System_1,FS_REST_APIComm,,SCL,,,,,,,,
P24U1_OP6020,PC-System_1,FS_IQT_Events,,SCL,,,,,,,,
P24U1_OP6020,PC-System_1,PR_FREE_RUN,,LAD,,,,,,,,
P24U1_OP6020,PC-System_1,PR_StateTrace,,SCL,,,,,,,,
P24U1_OP6020,PC-System_1,PR_CycleTime,,LAD,,,,,,,,
P24U1_OP6020,PC-System_1,PR_TeachPosition,,LAD,,,,,,,,
P24U1_OP6020,PC-System_1,PR_TaskData,,LAD,,,,,,,,
P24U1_OP6020,PC-System_1,PR_MotorStarterHMI,,LAD,,,,,,,,
P24U1_OP6020,PC-System_1,PR_AirFailCheck,,LAD,,,,,,,,
P24U1_OP6020,PC-System_1,PR_fbEuchner_MGB,,F_LAD,,,,,,,,
P24U1_OP6020,PC-System_1,PR_Lubrication,,LAD,,,,,,,,
P24U1_OP6020,PC-System_1,PR_StationSequence,,LAD,,,,,,,,
P24U1_OP6020,PC-System_1,PR_LiftGateLogic,,LAD,,,,,,,,
P24U1_OP6020,PC-System_1,PR_TrackRotateSequence,,LAD,,,,,,,,
P24U1_OP6020,PC-System_1,PR_eCartSequence,,LAD,,,,,,,,
P24U1_OP6020,PC-System_1,PR_ParseUnitID,,LAD,,,,,,,,
P24U1_OP6020,PC-System_1,ReadDataSlavePARI,,LAD,,,,,,,,
P24U1_OP6020,PC-System_1,WriteDataSlavePARI,,LAD,,,,,,,,
P24U1_OP6020,PC-System_1,PR_KeyenceProfiloSensor_LJX8000,,LAD,,,,,,,,
P24U1_OP6020,PC-System_1,LSafety_LaserScanner_MicroScan,,F_LAD,,,,,,,,
P24U1_OP6020,PC-System_1,Main_Safety_RTG1,,F_FBD,,,,,,,,
P24U1_OP6020,PC-System_1,PR_ABB_AGVUnloading_Interface,,LAD,,,,,,,,
P24U1_OP6020,PC-System_1,PR_ABB_AGV_StnInterface,,LAD,,,,,,,,
P24U1_OP6020,PC-System_1,FS_Station_eCart,,LAD,,,,,,,,
P24U1_OP6020,PC-System_1,FS_TrackRotate_table,,SCL,,,,,,,,
P24U1_OP6020,PC-System_1,rotviscopy,,SCL,,,,,,,,
P24U1_OP6020,PC-System_1,DB_BTLOGS,,DB,,,,,,,,
P24U1_OP6020,PC-System_1,FS_Braketest_Cart,,SCL,,,,,,,,
P24U1_OP6020,PC-System_1,FS_Braketest_Shuttle,,SCL,,,,,,,,
P24U1_OP6020,PC-System_1,brktestneeded,,SCL,,,,,,,,
P24U1_OP6020,PC-System_1,log_brktest,,SCL,,,,,,,,
P24U1_OP6020,PC-System_1,FS_Braketest_Rotate,,SCL,,,,,,,,
P24U1_OP6020,PC-System_1,FS_TR_IDeviceMap,,LAD,,,,,,,,
P24U1_OP6020,PC-System_1,FS_iDevice_eCart,,LAD,,,,,,,,
P24U1_OP6020,PC-System_1,FS_Shuttle_carriage,,SCL,,,,,,,,
P24U1_OP6020,PC-System_1,shviscopy,,SCL,,,,,,,,
P24U1_OP6020,PC-System_1,FS_eCart_Comms,,SCL,,,,,,,,
P24U1_OP6020,PC-System_1,locatecolor,,SCL,,,,,,,,
P24U1_OP6020,PC-System_1,stopcolor,,SCL,,,,,,,,
P24U1_OP6020,PC-System_1,stopviscopy,,SCL,,,,,,,,
P24U1_OP6020,PC-System_1,FB_ValueFunction,,SCL,,,,,,,,
P24U1_OP6020,PC-System_1,S1_Comm,,LAD,,,,,,,,
P24U1_OP6020,PC-System_1,S1_GigECamera,,LAD,,,,,,,,
P24U1_OP6020,PC-System_1,S1_GigE_Camera-1_HMIControl,,DB,,,,,,,,
P24U1_OP6020,PC-System_1,S1_GigE_Camera-1_Interface,,DB,,,,,,,,
P24U1_OP6020,PC-System_1,S1_GigE_Camera-1_OPCIntfc,,DB,,,,,,,,
P24U1_OP6020,PC-System_1,S1_LJx8000 Camera,,LAD,,,,,,,,
P24U1_OP6020,PC-System_1,KeyenceProfiloSensor_LJX8000_DB,,DB,,,,,,,,
P24U1_OP6020,PC-System_1,S1_StationControl,,DB,,,,,,,,
P24U1_OP6020,PC-System_1,S1_Prompts,,LAD,,,,,,,,
P24U1_OP6020,PC-System_1,S1_Warnings,,LAD,,,,,,,,
P24U1_OP6020,PC-System_1,S1_AlarmDB,,DB,,,,,,,,
P24U1_OP6020,PC-System_1,S1_PromptDB,,DB,,,,,,,,
P24U1_OP6020,PC-System_1,S1_WarningDB,,DB,,,,,,,,
P24U1_OP6020,PC-System_1,S1_Alarms,,LAD,,,,,,,,
P24U1_OP6020,PC-System_1,S1_ManualNutrunner-1,,LAD,,,,,,,,
P24U1_OP6020,PC-System_1,S1_PwrFocus1_DB,,DB,,,,,,,,
P24U1_OP6020,PC-System_1,S1_ManualNutrunner-2,,LAD,,,,,,,,
P24U1_OP6020,PC-System_1,S1_PwrFocus2_DB,,DB,,,,,,,,
P24U1_OP6020,PC-System_1,S1_FISControlDB,,DB,,,,,,,,
P24U1_OP6020,PC-System_1,S1_FISDataDB,,DB,,,,,,,,
P24U1_OP6020,PC-System_1,S1_FISCommDB,,DB,,,,,,,,
P24U1_OP6020,PC-System_1,S1_CallButtons,,DB,,,,,,,,
P24U1_OP6020,PC-System_1,Sxx_FIS_RetainCounts,,DB,,,,,,,,
P24U1_OP6020,PC-System_1,S1_Banner IO Link Data,,DB,,,,,,,,
P24U1_OP6020,PC-System_1,S1_FIS_Manage,,LAD,,,,,,,,
P24U1_OP6020,PC-System_1,S1_FIS_Data,,LAD,,,,,,,,
P24U1_OP6020,PC-System_1,S1_IQT_FISDB,,DB,,,,,,,,
P24U1_OP6020,PC-System_1,Banner_TL50_Pro_PD,,LAD,,,,,,,,
P24U1_OP6020,PC-System_1,Banner_TL50_Pro_Advanced_PD,,LAD,,,,,,,,
P24U1_OP6020,PC-System_1,S1_HMI_Manage,,LAD,,,,,,,,
P24U1_OP6020,PC-System_1,S1_ManualMovementScreen_DB,,DB,,,,,,,,
P24U1_OP6020,PC-System_1,S1_ModeScreen_DB,,DB,,,,,,,,
P24U1_OP6020,PC-System_1,S1_OperatorScreen_DB,,DB,,,,,,,,
P24U1_OP6020,PC-System_1,S1_StationHmiDataTransfer_DB,,DB,,,,,,,,
P24U1_OP6020,PC-System_1,S1_CoolEDSHeadrComplexityDisplay,,DB,,,,,,,,
P24U1_OP6020,PC-System_1,S1_CompScrTaskDisplayDB,,DB,,,,,,,,
P24U1_OP6020,PC-System_1,S1_Main,,LAD,,,,,,,,
P24U1_OP6020,PC-System_1,S1_ManFunctions,,LAD,,,,,,,,
P24U1_OP6020,PC-System_1,S1_ModeDB,,DB,,,,,,,,
P24U1_OP6020,PC-System_1,S1_Mode,,LAD,,,,,,,,
P24U1_OP6020,PC-System_1,S1_ManageMotions,,LAD,,,,,,,,
P24U1_OP6020,PC-System_1,S1_FreeRun_Module,,LAD,,,,,,,,
P24U1_OP6020,PC-System_1,S1_StationPalletStop,,LAD,,,,,,,,
P24U1_OP6020,PC-System_1,S1_StaPalletStop_DB,,DB,,,,,,,,
P24U1_OP6020,PC-System_1,S1_PalletLift,,LAD,,,,,,,,
P24U1_OP6020,PC-System_1,S1_PalletLift_DB,,DB,,,,,,,,
P24U1_OP6020,PC-System_1,S1_OMSCycleResult,,DB,,,,,,,,
P24U1_OP6020,PC-System_1,S1_OMSVersChangeAck,,DB,,,,,,,,
P24U1_OP6020,PC-System_1,S1_AnalyzeAllOpTasks,,DB,,,,,,,,
P24U1_OP6020,PC-System_1,S1_OMS_ManagementDB,,DB,,,,,,,,
P24U1_OP6020,PC-System_1,S1_OMSOkToBuildDB,,DB,,,,,,,,
P24U1_OP6020,PC-System_1,S1_CheckAllTaskConf,,DB,,,,,,,,
P24U1_OP6020,PC-System_1,S1_OMSActiveRecipe,,DB,,,,,,,,
P24U1_OP6020,PC-System_1,S1_OMSCommControl_DB,,DB,,,,,,,,
P24U1_OP6020,PC-System_1,S1_OMSLnkdRecipeDB,,DB,,,,,,,,
P24U1_OP6020,PC-System_1,S1_OMS_Management,,LAD,,,,,,,,
P24U1_OP6020,PC-System_1,S1_PartCount_DB,,DB,,,,,,,,
P24U1_OP6020,PC-System_1,S1_PartCountControl,,DB,,,,,,,,
P24U1_OP6020,PC-System_1,S1_PartCount,,LAD,,,,,,,,
P24U1_OP6020,PC-System_1,S1_Dataman,,LAD,,,,,,,,
P24U1_OP6020,PC-System_1,S1_Dataman1,,DB,,,,,,,,
P24U1_OP6020,PC-System_1,S1_Dataman1_APN_Check,,DB,,,,,,,,
P24U1_OP6020,PC-System_1,S1_Dataman_Hand Held,,LAD,,,,,,,,
P24U1_OP6020,PC-System_1,S1_Dataman2_APN_Check,,DB,,,,,,,,
P24U1_OP6020,PC-System_1,S1_Dataman2,,DB,,,,,,,,
P24U1_OP6020,PC-System_1,S1_Traceability_DB,,DB,,,,,,,,
P24U1_OP6020,PC-System_1,S1_Traceability,,LAD,,,,,,,,
P24U1_OP6020,PC-System_1,S1_DriveConfig,,DB,,,,,,,,
P24U1_OP6020,PC-System_1,S1_StationConfig,,LAD,,,,,,,,
P24U1_OP6020,PC-System_1,S1_StationConfigDB,,DB,,,,,,,,
P24U1_OP6020,PC-System_1,S1_CycleTimers,,LAD,,,,,,,,
P24U1_OP6020,PC-System_1,S1_CycleTypes,,LAD,,,,,,,,
P24U1_OP6020,PC-System_1,S1_StationCycleStatus,,LAD,,,,,,,,
P24U1_OP6020,PC-System_1,S1_StationData,,DB,,,,,,,,
P24U1_OP6020,PC-System_1,S1_UserData,,DB,,,,,,,,
P24U1_OP6020,PC-System_1,S1_PowerUp,,LAD,,,,,,,,
P24U1_OP6020,PC-System_1,S1_4PB_Box,,DB,,,,,,,,
P24U1_OP6020,PC-System_1,S1_4PB_Box_Example,,LAD,,,,,,,,
P24U1_OP6020,PC-System_1,DB_IFWC_RC,,DB,,,,,,,,
P24U1_OP6020,PC-System_1,DB_IFWC_USER,,DB,,,,,,,,
P24U1_OP6020,PC-System_1,S1_FanucR1BrakeCheck,,LAD,,,,,,,,
P24U1_OP6020,PC-System_1,S1_FanucR1Commands,,LAD,,,,,,,,
P24U1_OP6020,PC-System_1,S1_FanucR1Home,,LAD,,,,,,,,
P24U1_OP6020,PC-System_1,S1_FanucR1Maint,,LAD,,,,,,,,
P24U1_OP6020,PC-System_1,S1_FanucR1ZeroPosition,,LAD,,,,,,,,
P24U1_OP6020,PC-System_1,S1_FanucRobot1_Control,,LAD,,,,,,,,
P24U1_OP6020,PC-System_1,S1_FanucRobot1_Status,,LAD,,,,,,,,
P24U1_OP6020,PC-System_1,S1_FanucR1_BrakeCheck,,DB,,,,,,,,
P24U1_OP6020,PC-System_1,S1_FanucR1_Home_DB,,DB,,,,,,,,
P24U1_OP6020,PC-System_1,S1_FanucR1_Maint_DB,,DB,,,,,,,,
P24U1_OP6020,PC-System_1,S1_FanucR1_VisionPos AWD,,DB,,,,,,,,
P24U1_OP6020,PC-System_1,S1_FanucR1_VisionPos RWD,,DB,,,,,,,,
P24U1_OP6020,PC-System_1,S1_FanucR1ZeroPosition_DB,,DB,,,,,,,,
P24U1_OP6020,PC-System_1,S1_FanucRobot1_DB,,DB,,,,,,,,
P24U1_OP6020,PC-System_1,S1_FanucRobot1InterfaceDB,,DB,,,,,,,,
P24U1_OP6020,PC-System_1,S1_FS_FanucIntfc1_DB,,DB,,,,,,,,
P24U1_OP6020,PC-System_1,S1_1FanucR1VisionPositionAWD,,LAD,,,,,,,,
P24U1_OP6020,PC-System_1,S1_1FanucR1VisionPositionRWD,,LAD,,,,,,,,
P24U1_OP6020,PC-System_1,S1_GPTS,,LAD,,,,,,,,
P24U1_OP6020,PC-System_1,S1_GPTS_Control_DB,,DB,,,,,,,,
P24U1_OP6020,PC-System_1,S1_Fluids,,LAD,,,,,,,,
P24U1_OP6020,PC-System_1,S1_QTS_DB,,DB,,,,,,,,
P24U1_OP6020,PC-System_1,S1_QTS_RunoffHMI,,DB,,,,,,,,
P24U1_OP6020,PC-System_1,S1_QTS_MultiplexData,,DB,,,,,,,,
P24U1_OP6020,PC-System_1,S1_QTS_RecvData,,DB,,,,,,,,
P24U1_OP6020,PC-System_1,S1_QTS_SendData,,DB,,,,,,,,
P24U1_OP6020,PC-System_1,S1_QTS,,LAD,,,,,,,,
P24U1_OP6020,PC-System_1,S1_FS_QTSWS_DB,,DB,,,,,,,,
P24U1_OP6020,PC-System_1,S1_QTS_TempRcvDB,,DB,,,,,,,,
P24U1_OP6020,PC-System_1,S1_FS_IQT_DB,,DB,,,,,,,,
P24U1_OP6020,PC-System_1,S1_RFRdData,,DB,,,,,,,,
P24U1_OP6020,PC-System_1,S1_RFWtData,,DB,,,,,,,,
P24U1_OP6020,PC-System_1,FS_Vtag_DB,,DB,,,,,,,,
P24U1_OP6020,PC-System_1,S1_RFRIDSimulationData,,DB,,,,,,,,
P24U1_OP6020,PC-System_1,S1_RFRdData_Reset,,DB,,,,,,,,
P24U1_OP6020,PC-System_1,S1_RFID,,LAD,,,,,,,,
P24U1_OP6020,PC-System_1,S1_VtagTUTD_InterfaceData,,DB,,,,,,,,
P24U1_OP6020,PC-System_1,S1_FS_Vtag_DB,,DB,,,,,,,,
P24U1_OP6020,PC-System_1,S1_Tasks,,LAD,,,,,,,,
P24U1_OP6020,PC-System_1,S1_Tasks_DB,,DB,,,,,,,,
P24U1_OP6020,PC-System_1,PR_TaskDataFind,,SCL,,,,,,,,
P24U1_OP6020,PC-System_1,PR_TaskDataFind_DB,,DB,,,,,,,,
P24U1_OP6020,PC-System_1,11.S1_A1-11 -Sense Lead Pos4 Task,,LAD,,,,,,,,
P24U1_OP6020,PC-System_1,10.S1_A1-10-Sense Lead Pos3 Task,,LAD,,,,,,,,
P24U1_OP6020,PC-System_1,9.S1_A1-9-Sense Lead Pos2 Task,,LAD,,,,,,,,
P24U1_OP6020,PC-System_1,12.S1_A1-12-Sense Lead Pos5 Task,,LAD,,,,,,,,
P24U1_OP6020,PC-System_1,13.S1_A1-13-MSD Pos6 Task,,LAD,,,,,,,,
P24U1_OP6020,PC-System_1,15.S1_A-15-Align Aux Lead to BBM Task,,LAD,,,,,,,,
P24U1_OP6020,PC-System_1,16.S1_A-16-AUX RD Bolt-1 Task,,LAD,,,,,,,,
P24U1_OP6020,PC-System_1,17.S1_A-17-AUX RD Bolt-2 Task,,LAD,,,,,,,,
P24U1_OP6020,PC-System_1,18.S1_A-18 Align SDU Task,,LAD,,,,,,,,
P24U1_OP6020,PC-System_1,19.S1_A-19-SDU RD Bolt-1 Task,,LAD,,,,,,,,
P24U1_OP6020,PC-System_1,20.S1_A-20-SDU RD Bolt-2 Task,,LAD,,,,,,,,
P24U1_OP6020,PC-System_1,1.S1_A1-1-DCFC Header Lot Scan Task,,LAD,,,,,,,,
P24U1_OP6020,PC-System_1,2.S1_A1-2-Align DCFC to HVDU Task,,LAD,,,,,,,,
P24U1_OP6020,PC-System_1,3.S1_A1-3-DCFC RD Bolt-1 Task,,LAD,,,,,,,,
P24U1_OP6020,PC-System_1,4.S1_A1-4-DCFC RD Bolt-2 Task,,LAD,,,,,,,,
P24U1_OP6020,PC-System_1,5.S1_A1-5-Push Down MSD Task,,LAD,,,,,,,,
P24U1_OP6020,PC-System_1,7.S1_A1-7-Install 5 Sense Lead Task,,LAD,,,,,,,,
P24U1_OP6020,PC-System_1,8.S1_A1-8-Sense Lead Pos1 Task,,LAD,,,,,,,,
P24U1_OP6020,PC-System_1,1.S1_A1-1-DCFC Header Lot Scan TaskDB,,DB,,,,,,,,
P24U1_OP6020,PC-System_1,2.S1_A1-2-Align DCFC to HVDU TaskDB,,DB,,,,,,,,
P24U1_OP6020,PC-System_1,3.S1_A1-3-DCFC RD Bolt-1 TaskDB,,DB,,,,,,,,
P24U1_OP6020,PC-System_1,4.S1_A1-4-DCFC RD Bolt-2 TaskDB,,DB,,,,,,,,
P24U1_OP6020,PC-System_1,4.S1_A1-4-DCFC RD Bolt-2 TaskIntfc,,DB,,,,,,,,
P24U1_OP6020,PC-System_1,5.S1_A1-5-Push Down MSD TaskDB,,DB,,,,,,,,
P24U1_OP6020,PC-System_1,5.S1_A1-5-Push Down MSD TaskIntfc,,DB,,,,,,,,
P24U1_OP6020,PC-System_1,7.S1_A1-7-Install 5 Sense Lead TaskDB,,DB,,,,,,,,
P24U1_OP6020,PC-System_1,7.S1_A1-7-Install 5 Sense Lead TaskIntfc,,DB,,,,,,,,
P24U1_OP6020,PC-System_1,8.S1_A1-8-Sense Lead Pos1 TaskDB,,DB,,,,,,,,
P24U1_OP6020,PC-System_1,8.S1_A1-8-Sense Lead Pos1 TaskIntfc,,DB,,,,,,,,
P24U1_OP6020,PC-System_1,9.S1_A1-9-Sense Lead Pos2 TaskDB,,DB,,,,,,,,
P24U1_OP6020,PC-System_1,9.S1_A1-9-Sense Lead Pos2 TaskIntfc,,DB,,,,,,,,
P24U1_OP6020,PC-System_1,10.S1_A1-10-Sense Lead Pos3 TaskDB,,DB,,,,,,,,
P24U1_OP6020,PC-System_1,10.S1_A1-10-Sense Lead Pos3 TaskIntfc,,DB,,,,,,,,
P24U1_OP6020,PC-System_1,11.S1_A1-11 -Sense Lead Pos4 TaskDB,,DB,,,,,,,,
P24U1_OP6020,PC-System_1,11.S1_A1-11 -Sense Lead Pos4 TaskIntfc,,DB,,,,,,,,
P24U1_OP6020,PC-System_1,14.S1_A1-14-Install Bonus Mask Task,,LAD,,,,,,,,
P24U1_OP6020,PC-System_1,12.S1_A1-12-Sense Lead Pos5 TaskDB,,DB,,,,,,,,
P24U1_OP6020,PC-System_1,12.S1_A1-12-Sense Lead Pos5 TaskIntfc,,DB,,,,,,,,
P24U1_OP6020,PC-System_1,13.S1_A1-13-MSD Pos6 TaskDB,,DB,,,,,,,,
P24U1_OP6020,PC-System_1,13.S1_A1-13-MSD Pos6 TaskIntfc,,DB,,,,,,,,
P24U1_OP6020,PC-System_1,14.S1_A1-14-Install Bonus Mask TaskDB,,DB,,,,,,,,
P24U1_OP6020,PC-System_1,14.S1_A1-14-Install Bonus Mask TaskIntfc,,DB,,,,,,,,
P24U1_OP6020,PC-System_1,15.S1_A-15-Align Aux Lead to BBM TaskDB,,DB,,,,,,,,
P24U1_OP6020,PC-System_1,15.S1_A-15-Align Aux Lead to BBM TaskIntfc,,DB,,,,,,,,
P24U1_OP6020,PC-System_1,16.S1_A-16-AUX RD Bolt-1 TaskDB,,DB,,,,,,,,
P24U1_OP6020,PC-System_1,16.S1_A-16-AUX RD Bolt-1 TaskIntfc,,DB,,,,,,,,
P24U1_OP6020,PC-System_1,17.S1_A-17-AUX RD Bolt-2 TaskDB,,DB,,,,,,,,
P24U1_OP6020,PC-System_1,17.S1_A-17-AUX RD Bolt-2 TaskIntfc,,DB,,,,,,,,
P24U1_OP6020,PC-System_1,20.S1_A-20-SDU RD Bolt-2 TaskDB,,DB,,,,,,,,
P24U1_OP6020,PC-System_1,20.S1_A-20-SDU RD Bolt-2 TaskIntfc,,DB,,,,,,,,
P24U1_OP6020,PC-System_1,1.S1_A1-1-DCFC Header Lot Scan TaskIntfc,,DB,,,,,,,,
P24U1_OP6020,PC-System_1,2.S1_A1-2-Align DCFC to HVDU Taskfc,,DB,,,,,,,,
P24U1_OP6020,PC-System_1,3.S1_A1-3-DCFC RD Bolt-1 TaskIntfc,,DB,,,,,,,,
P24U1_OP6020,PC-System_1,6.S1_A1-6-Align BBM Sense Ld to EMU Task,,LAD,,,,,,,,
P24U1_OP6020,PC-System_1,6.S1_A1-6-Align BBM Sense Ld to EMU TaskIntfc,,DB,,,,,,,,
P24U1_OP6020,PC-System_1,6.S1_A1-6-Align BBM Sense Ld to EMU TaskDB,,DB,,,,,,,,
P24U1_OP6020,PC-System_1,18.S1_A-18 Align SDU TaskDB,,DB,,,,,,,,
P24U1_OP6020,PC-System_1,18.S1_A-18 Align SDU TaskIntfc,,DB,,,,,,,,
P24U1_OP6020,PC-System_1,19.S1_A-19-SDU RD Bolt-1 TaskIntfc,,DB,,,,,,,,
P24U1_OP6020,PC-System_1,19.S1_A-19-SDU RD Bolt-1 TaskDB,,DB,,,,,,,,
P24U1_OP6020,PC-System_1,21.S1_A-21-Remove BonusMask Task,,LAD,,,,,,,,
P24U1_OP6020,PC-System_1,21.S1_A-21-Remove Bonus Mask TaskIntfc,,DB,,,,,,,,
P24U1_OP6020,PC-System_1,21.S1_A-21-Remove BonusMask TaskDB,,DB,,,,,,,,
P24U1_OP6020,PC-System_1,22.S1_A-22-Gige Inspection Task,,LAD,,,,,,,,
P24U1_OP6020,PC-System_1,22.S1_A-22-Gige Inspection TaskIntfc,,DB,,,,,,,,
P24U1_OP6020,PC-System_1,22.S1_A-22-Gige Inspection TaskDB,,DB,,,,,,,,
P24U1_OP6020,PC-System_1,S1_Utility_Call,,LAD,,,,,,,,
P24U1_OP6020,PC-System_1,S1_Wipropari MainCall,,LAD,,,,,,,,
P24U1_OP6020,PC-System_1,S1_Sequence_Call,,LAD,,,,,,,,
P24U1_OP6020,PC-System_1,S1_HMI_Call,,LAD,,,,,,,,
P24U1_OP6020,PC-System_1,PR_InOutStatusHMIInterlock,,SCL,,,,,,,,
P24U1_OP6020,PC-System_1,S1_CycleTime_iDB,,DB,,,,,,,,
P24U1_OP6020,PC-System_1,AGV_Interlock_StationStopper_DB,,DB,,,,,,,,
P24U1_OP6020,PC-System_1,PR_ABB_AGV_StnInterface_DB,,DB,,,,,,,,
P24U1_OP6020,PC-System_1,AGVPalletLifterSequenceSeq_DB,,DB,,,,,,,,
P24U1_OP6020,PC-System_1,AGVPalletLifterSequence,,LAD,,,,,,,,
P24U1_OP6020,PC-System_1,AGV_Interlock,,LAD,,,,,,,,
P24U1_OP6020,PC-System_1,S1_Free_Run_DB,,DB,,,,,,,,
P24U1_OP6020,PC-System_1,S1_Station_Global_DB,,DB,,,,,,,,
P24U1_OP6020,PC-System_1,S1_HMI_Global_DB,,DB,,,,,,,,
